,Well,Fluor,Target,Content,Sample,Cq,SQ
,A01,FAM,Hemato,Unkn-01,37-F01,30.6278217053675,102.065594740822
,A02,FAM,Hemato,Unkn-01,37-F01,30.2640208518519,132.449371250492
,A03,FAM,Hemato,Unkn-02,37-C08,29.7757329962076,187.908155425236
,A04,FAM,Hemato,Unkn-02,37-C08,29.4350106785118,239.848457297033
,A05,FAM,Hemato,Unkn-03,31-B08,29.1358408547386,297.168076146119
,A06,FAM,Hemato,Unkn-03,31-B08,29.3060414321763,263.060993530137
,A07,FAM,Hemato,Unkn-04,31-D06,32.7447545089332,22.4051384932916
,A08,FAM,Hemato,Unkn-04,31-D06,32.4781744920993,27.1190752463745
,A09,FAM,Hemato,Unkn-05,31-E07,27.0889138844655,1287.52775204384
,A10,FAM,Hemato,Unkn-05,31-E07,27.1906380552017,1197.05036246231
,A11,FAM,Hemato,Std-07,,16.4120293448567,3000000
,A12,FAM,Hemato,Std-07,,16.1666487153407,3000000
,B01,FAM,Hemato,Unkn-06,37-B02,28.4091785313581,500.093248875272
,B02,FAM,Hemato,Unkn-06,37-B02,28.3858294985456,508.527411356777
,B03,FAM,Hemato,Unkn-07,38-B01,26.6752288642093,1731.58975733922
,B04,FAM,Hemato,Unkn-07,38-B01,27.0440599004116,1329.56537759956
,B05,FAM,Hemato,Unkn-08,31-C02,31.9045665873379,40.8989176983573
,B06,FAM,Hemato,Unkn-08,31-C02,33.0394158222634,18.1419894075867
,B07,FAM,Hemato,Unkn-09,31-D08,30.5859916037149,105.169983336099
,B08,FAM,Hemato,Unkn-09,31-D08,30.6497791877523,100.472885613911
,B09,FAM,Hemato,Unkn-10,31-E10,28.0752952331682,635.206336301117
,B10,FAM,Hemato,Unkn-10,31-E10,27.6468591177236,863.360103627576
,B11,FAM,Hemato,Std-08,,19.4958678199195,300000
,B12,FAM,Hemato,Std-08,,19.5183559944409,300000
,C01,FAM,Hemato,Unkn-11,37-D02,31.1243870910826,71.5169002603334
,C02,FAM,Hemato,Unkn-11,37-D02,30.4123756387727,119.096762120882
,C03,FAM,Hemato,Unkn-12,38-D01,30.0165866013137,158.132564091807
,C04,FAM,Hemato,Unkn-12,38-D01,30.3236359072722,126.912662213169
,C05,FAM,Hemato,Unkn-13,31-C03,31.4836506696723,55.2903831805293
,C06,FAM,Hemato,Unkn-13,31-C03,31.6439574882966,49.2925897911091
,C07,FAM,Hemato,Unkn-14,31-D10,20.4977340532408,144586.99849915
,C08,FAM,Hemato,Unkn-14,31-D10,20.1812463277257,181376.780156154
,C09,FAM,Hemato,Unkn-15,31-E12,24.7602719724624,6825.68801941321
,C10,FAM,Hemato,Unkn-15,31-E12,26.0698450940908,2671.57104574924
,C11,FAM,Hemato,Std-09,,22.3944878457943,30000
,C12,FAM,Hemato,Std-09,,22.3619401722013,30000
,D01,FAM,Hemato,Unkn-16,37-A04,32.2840595225487,31.1644753393486
,D02,FAM,Hemato,Unkn-16,37-A04,33.0516185859694,17.9841077008451
,D03,FAM,Hemato,Unkn-17,38-C02,31.4435286539348,56.9024133247424
,D04,FAM,Hemato,Unkn-17,38-C02,31.6788467858886,48.0760009199948
,D05,FAM,Hemato,Unkn-18,31-C11,36.5922611573203,1.42387551963847
,D06,FAM,Hemato,Unkn-18,31-C11,37.6435934009568,0.670541151403646
,D07,FAM,Hemato,Unkn-19,31-D12,31.0969960150227,72.9339022257129
,D08,FAM,Hemato,Unkn-19,31-D12,30.8889825521094,84.6521344673806
,D09,FAM,Hemato,Unkn-20,31-F01,32.5195482809597,26.3271828989057
,D10,FAM,Hemato,Unkn-20,31-F01,30.0382232714964,155.700718131019
,D11,FAM,Hemato,Std-10,,25.9845197527688,3000
,D12,FAM,Hemato,Std-10,,25.87170805438,3000
,E01,FAM,Hemato,Unkn-21,37-C04,34.9287969536332,4.68748127314667
,E02,FAM,Hemato,Unkn-21,37-C04,34.3702315528151,6.9935404215076
,E03,FAM,Hemato,Unkn-22,38-G02,29.5702857910541,217.698674646331
,E04,FAM,Hemato,Unkn-22,38-G02,30.1851235577146,140.150009865083
,E05,FAM,Hemato,Unkn-23,31-D01,29.6208024405247,209.962219236101
,E06,FAM,Hemato,Unkn-23,31-D01,28.805125996251,376.600029669599
,E07,FAM,Hemato,Unkn-24,31-E02,29.06838169779,311.879786832971
,E08,FAM,Hemato,Unkn-24,31-E02,28.8731892495064,358.680158199653
,E09,FAM,Hemato,Unkn-25,31-F02,35.5798485349787,2.94043486415635
,E10,FAM,Hemato,Unkn-25,31-F02,37.5709023788716,0.706379409421653
,E11,FAM,Hemato,Std-11,,29.4323225277564,300
,E12,FAM,Hemato,Std-11,,29.4345053412405,300
,F01,FAM,Hemato,Unkn-26,37-H04,31.1299062454436,71.2347318520771
,F02,FAM,Hemato,Unkn-26,37-H04,30.8132016361592,89.3741053244277
,F03,FAM,Hemato,Unkn-27,38-D08,28.2402621820454,564.413240085811
,F04,FAM,Hemato,Unkn-27,38-D08,28.2416447006702,563.854591772148
,F05,FAM,Hemato,Unkn-28,31-D02,31.8422434330188,42.7660552665702
,F06,FAM,Hemato,Unkn-28,31-D02,31.478275073144,55.50368667722
,F07,FAM,Hemato,Unkn-29,31-E03,20.6680257866805,127983.855453251
,F08,FAM,Hemato,Unkn-29,31-E03,20.6874634928016,126214.293747956
,F09,FAM,Hemato,Unkn-30,31-F07,29.7053112839792,197.629736642126
,F10,FAM,Hemato,Unkn-30,31-F07,29.2587411088444,272.126325537451
,F11,FAM,Hemato,Std-12,,32.07652998275,30
,F12,FAM,Hemato,Std-12,,33.1681275841062,30
,G01,FAM,Hemato,Unkn-31,37-B05,29.6561876796707,204.70741608271
,G02,FAM,Hemato,Unkn-31,37-B05,29.5798892299754,216.2063097122
,G03,FAM,Hemato,Unkn-32,38-E08,30.4814076383308,113.351064061737
,G04,FAM,Hemato,Unkn-32,38-E08,30.6578380424294,99.8945836566643
,G05,FAM,Hemato,Unkn-33,31-D04,27.7039348108372,828.775624648034
,G06,FAM,Hemato,Unkn-33,31-D04,28.0100607364665,665.591633532055
,G07,FAM,Hemato,Unkn-34,31-E04,36.5606296209823,1.45650475274606
,G08,FAM,Hemato,Unkn-34,31-E04,35.8630895840511,2.40049848086503
,G09,FAM,Hemato,Unkn-35,31-F11,27.3216943856304,1089.79208518986
,G10,FAM,Hemato,Unkn-35,31-F11,27.3184181152137,1092.35254759886
,G11,FAM,Hemato,Std-13,,35.2563482509481,3
,G12,FAM,Hemato,Std-13,,35.1382468119863,3
,H01,FAM,Hemato,Unkn-36,37-F06,28.2210708482825,572.225489507421
,H02,FAM,Hemato,Unkn-36,37-F06,28.6336468916553,425.817757544093
,H03,FAM,Hemato,Unkn-37,31-B07,36.5858707498466,1.43040803197412
,H04,FAM,Hemato,Unkn-37,31-B07,36.5104971764287,1.50975688531914
,H05,FAM,Hemato,Unkn-38,31-D05,35.2045262646901,3.84738950504371
,H06,FAM,Hemato,Unkn-38,31-D05,34.7655351125241,5.26898245502284
,H07,FAM,Hemato,Unkn-39,31-E06,29.3696370400571,251.346733807094
,H08,FAM,Hemato,Unkn-39,31-E06,29.7571919808058,190.420339831037
,H09,FAM,Hemato,Unkn-40,31-F12,29.7501064226263,191.389231626636
,H10,FAM,Hemato,Unkn-40,31-F12,29.5049441871519,228.129861289891
,H11,FAM,Hemato,NTC,,NaN,NaN
,H12,FAM,Hemato,NTC,,NaN,NaN
